Hashtag	Rank
bodybuilding	750
gymshark66	325
pumpingiron	325
crossfitlove	325
crossfitaddict	325
crossfitcoach	99
crossfitbox	99
1stphorm	325
bodybuildingcom	325
npcbikini	325
npcfigure	325
ifbbpro	325
ifbbbikini	325
ifbbproleague	325
ukbff	325
shelifts	325
girlwholift	325
bicepworkout	325
shoulderworkout	325
tricepsworkout	325
delts	325
goldsgym	325
shredzarmy	325
oldschoolbodybuilding	99
bouldershoulders	99
gymworkouts	325
bodyweightworkout	325
upperbodyworkout	325
pullups	325
powerliftingwomen	325
girlswholiftheavy	325
figurecompetitor	325
bodybuildingnation	325
instabodybuilding	325
pushpullgrind	325
mensphysique	400
24hourfitness	325
bpisports	99
lafitness	325
workoutmode	99
womenwholift	325
momswithmuscle	99
momswholift	325
momswithmuscles	99
momsthatlift	99
gymsharkwomen	325
myprotein	325
alphalete	325
deadlifts	325
chestworkout	325
fitnessaddict	500
gymlifestyle	325
gymselfie	325
bodyengineers	99
doyoueven	325
cellucor	99
musclepharm	99
prozis	99
justlift	99
bodybuildinglifestyle	325
femalebodybuilder	99
naturalbodybuilding	325
bodybuildingwomen	99
bodybuilders	325
gymflow	325
weightlifting	400
powerliftingmotivation	325
fitnessmotivation	450
fitnessjourney	500
fitnessmodel	500
fitnesslifestyle	400
fitnessgoals	400
fitnessfreak	400
fitnessbody	325
fitnessphysique	325
fitnesslife	400
fitnesstips	325
fitnesstransformation	325
fitnesscoach	325
fitnessmodels	325
fitnessgirls	325
fitnessguru	325
fitnessjunkie	325
fitnessworld	325
fitnesscouple	325
fitnessinspo	325
gym	999
benchpress	325
calisthenics	400
barbrothers	325
bodybuildingmotivation	325
crossfitgirls	325
crossfitlife	325
crossfitmotivation	99
classicphysique	325
gymtime	400
gymworkout	325
armday	325
chestday	325
calisthenicsworkout	325
gymlife	500
frontsquat	325
olylifting	99
crossfit	500
homegym	325
calisthenicsmovement	325
gymshark	400
preworkout	325
proteinshake	325
eatcleantraindirty	325
traindirty	325
traininsane	325
traininsaneorremainthesame	99
fitnessfreaks	325
instagramfitness	325
fullbodyworkout	325
workoutvideos	325
workoutvideo	325
workoutideas	325
hiitworkout	325
hiitworkouts	99
functionalfitness	325
lowerbodyworkout	99
workout	999
workoutroutine	325
workoutplan	99
workouts	325
workoutathome	325
workouttips	325
workouttime	325
workoutclothes	325
workoutwednesday	325
workoutfromhome	325
workout24	99
workoutpartner	99
workoutoftheday	325
homeworkout	325
workoutdone	325
roguefitness	325
flagnorfail	325
fitgirlsguide	325
gymmotivation	500
fabletics	99
shredz	325
venum	99
optimumnutrition	325
integralmedica	99
hookgrip	99
womensbest	325
crossfitgames	325
girlswhopowerlift	325
palestra	325
allenamento	325
fitfamgermany	325
gimnasio	325
entrenador	99
calistenia	325
musculação	400
academia	400
musculation	325
maromba	325
musculaçãofeminina	99
basicfit	325
dutchfitness	99
gasp	99
betterbodies	325
??????	325
????????????	300
???????????	325
fitnes	325
??	325
si?ownia	325
silownia	325
bodybuilder	450
gymfreak	325
gymjunkie	325
gymgoals	325
gymlover	325
deadlift	400
sumodeadlift	99
olympicweightlifting	325
cleanandjerk	325
triceps	325
arnoldclassic	325
fitnessgirl	500
wod	400
hwpo	325
treningsglede	325
gymmotivationalquote	99
gymmotivations	22
gymmotivationvideos	1
gymmotivationalquotes	1
gymmotivationins	1
gymmotivational	1
fitnessmotivationquotes	22
fitnessmotivations	325
fitnessmotivationdaily	99
fitnessmotivationalquotes	1
fitnessmotivational	22
chestdaybestday	22
chestdayeveryday	1
glutesonfire	22
glutesday	22
glutestrength	22
glutestraining	1
hamstrings	325
hamstringstretch	22
hamstringsworkout	1
quads	325
quadsworkout	22
quadsfordays	22
quadsandglutes	1
quadsquad	99
bicep	325
biceps	400
bicepcurls	99
bicepday	22
bicepflex	1
bicepworkouts	1
biceppeak	1
bicepcurl	1
biceppump	1
bicepgains	1
fitnessmotivationhellas	1
fitnessmotivationsdaily	1
fitnessmotivationback	1
fitnessmotivatione	1
chestworkouts	22
chestdayworkout	22
shoulderday	325
shoulderworkouts	22
shoulders	325
shouldersworkout	99
shouldersday	22
shoulderstability	22
shoulderstrength	22
shoulderstand	22
shoulderstretch	22
shoulderstrap	1
bigshoulders	1
strongshoulders	1
arms	325
armsworkout	325
armsday	99
armstrong	99
bigarms	99
armstrength	22
legsfordays	325
legslegslegs	99
legs	500
legsday	325
icantfeelmylegs	22
legsworkout	325
cantfeelmylegs	22
legstraining	1
glutes	325
glutesworkout	325
glutesfordays	22
hombro	22
frontraises	1
lateralraises	22
hombros	22
fitko	22
cviceni	22
fitstyle	99
fitnesscenter	99
ig_fitness_freaks	325
instafitness	400
instafit	500
ginasio	99
trening	325
fitmode	22
amixnutrition	1
backtogym	22
gyminspiration	325
lifting	400
superset	99
supersets	22
exercise	750
gyminspo	22
gyminstructor	22
cardio	500
cardioworkout	325
cardioworkouts	99
cardiotraining	99
cardiohiit	22
cardiotime	99
cardioday	325
cardioexercises	22
cardiofitness	22
cardioboxing	22
hiitcardio	325
cardiohit	1
cardiobunny	22
cardioqueen	22
cardioexercise	1
cardiosucks	22
exercisemotivation	325
exerciseroutine	325
exercisescience	99
exercisetips	99
exercises	325
exerciseideas	22
exercisedaily	99
exercisevideos	22
exerciseathome	99
exercisetime	99
exercisevideo	22
exercisetherapy	22
exerciseoftheday	22
exerciseball	22
exercisebands	1
exerciseplan	22
exerciseeveryday	22
exerciseguide	22
exerciseclass	22
exercisechallenge	1
exercisegoals	22
exerciseroutines	1
coreexercise	22
exerciseequipment	1
exerciseisfun	22
exercisemakesmehappy	1
exerciseaddict	1
exerciseforlife	22
exercisephysiologist	22
exercisebenefits	22
exerciseprogram	22
exerciseformentalhealth	22
correctiveexercise	99
homeexercise	22
groupexercise	99
gymclass	22
gymclasses	1
circuittraining	325
circuittrainingworkout	1
strongman	325
strongmantraining	325
strongmancompetition	22
strongmanmotivation	22
strongmancorporation	1
strongmanasli	22
strongmanrun	1
strongmanid	1
startingstrongman	22
strongmanoriginal	22
treningsilowy	22
treningfunkcjonalny	1
fitness	999
fitnessgear	325
fitnessquote	325
fitnesschallenge	325
fitnessapparel	325
fitnesslover	325
fitnessgoal	325
fitnessmom	325
fitnesstime	325
fitnesswear	325
fitnessvideo	325
fitnessbikini	325
fitnesslove	325
fitnessquotes	325
fitnessfashion	250
fitnessfriday	325
fitnessvideos	325
fitnesswomen	325
fitnessboy	325
fitnessaddicted	325
fitnessstudio	325
fitnessblogger	325
fitnessinfluencer	325
fitnessinstructor	325
fitnessenthusiast	99
fitnesshumor	99
fitnessreels	325
fitnesscommunity	325
fitnesstraining	99
fitnessmemes	99
fitnessadict	325
fitnessfamily	325
fitnessgram	99
fitnessfirst	325
fitnessblog	325
fitnessclub	325
fitnessclass	99
fitnessworkouts	99
workoutmotivation	200
gluteworkout	325
resistancebandsworkout	99
workoutapparel	99
workoutinspiration	99
workoutvids	22
workoutchallenge	99
workoutday	325
workoutwear	99
workoutflow	325
workoutgirl	99
workoutgoals	99
workoutoutfit	22
workoutstyle	22
workoutroutines	22
streetworkout	325
quarantineworkout	99
workoutprogram	22
athomeworkouts	325
backworkout	325
workoutlife	99
workoutmemes	22
coreworkout	99
absworkout	325
workoutgear	325
workoutplans	22
athomeworkout	325
legworkout	325
homeworkouts_4u	22
legdayworkout	325
blackwomendoworkout	99
workoutleggings	22
workoutanywhere	99
gymrat	400
gymgirl	400
gymaddict	325
gymlove	325
gymtips	325
gymhumor	325
gymvideos	325
gymfood	325
gymmeme	325
gymvirtual	325
gymclothes	325
gymlovers	325
gymrats	325
gymreels	325
gymfitness	325
gymadvice	99
gymquotes	325
gymapparel	325
gymgear	325
gymboy	325
gymday	325
gymdiet	22
gymmodel	75
gymleggings	99
gymfreaks	99
gymbeast	99
gymfails	99
gymbro	325
gymstyle	325
gymoutfit	325
gymtherapy	99
gymclothing	325
gymgrind	99
gymaddicted	99
gymfashion	325
gymchalk	99
gymbody	99
gymbunny	325
gymtraining	99
gymholic	99
gymequipment	99
gymemes	1
gymgirls	325
girlgains	325
traininghard	325
trainingday	325
boxingtraining	325
strengthtraining	350
personaltraining	400
trainingmotivation	325
funtionaltraining	22
weighttraining	325
trainingtime	99
trainingtips	99
bodyweighttraining	325
funcionaltraining	325
coretraining	325
spartantraining	325
trainingprogram	22
hiittraining	99
resistancetraining	325
trxtraining	325
trainingvideos	22
trainingplan	22
trainingpartner	22
gympartner	99
gymbuddy	99
strength	500
strengthandconditioning	325
strengthcoach	325
strengthathlete	22
corestrength	325
strengthtrainingforwomen	99
strengthandconditioningcoach	99
strengthgains	22
strengthconditioning	22
strengthbuilding	22
functionalstrength	22
trx	325
trxworkout	325
trxtrainer	22
spartan	325
spartanrace	325
spartanwomen	22
bootyworkout	325
bootygainz	325
bootybuilder	325
bootyworkouts	22
bootybands	99
bootypump	22
bootygain	22
bootytraining	22
bootyband	22
bootygrowth	22
bootyburn	22
squatbooty	325
bootywerk	22
bootygainsinprogress	1
bootyfitness	1
resistancebands	325
resistanceband	22
resistancebandtraining	1
boxing	450
mma	500
boxinglife	325
boxingworkout	325
boxinggym	325
boxingdrills	99
boxingfanatik	99
boxinggirl	325
boxingcoach	325
boxingfitness	325
boxingtrainer	99
boxingmotivation	99
boxingclass	99
boxingislife	99
mmafighter	325
mmatraining	325
mmaworld	99
mmalifestyle	99
mmamemes	99
mmafighters	99
mmagirls	99
mmalife	99
mmagym	22
boxingskills	22
mmafights	22
mmafight	22
mmagirl	22
mmaworkout	22
mmawomen	22
polefitness	325
polefitnessvideos	22
bodybuildinglife	325
bodybuildingfood	99
bodybuildingnatural	22
bodybuildingdiet	22
bodybuildingaddict	99
bodybuildingmeal	22
bodybuildingtips	22
bodybuilding_motivation	99
bodybuildingmotivations	22
bodybuilding_and_fitness	99
bodybuildingmeme	22
bodybuildingcompetition	22
veganbodybuilding	325
bodybuildingmemes	22
bodybuildingquotes	22
instagrambodybuilding	325
bodybuildinginspiration	22
bodybuilding_and_fitness_	22
bodybuildingcoach	22
bodybuildingtransformation	22
bodybuildingmeals	1
bodybuildingtraining	22
bodybuildinggirls	22
bodybuildingnutrition	1
bodybuildinggirl	22
bodybuildingitalia	22
bodybuildingproblems	22
femalebodybuilding	99
bodybuildingsupplements	1
functionalbodybuilding	99
bodybuildingdotcom	22
bodybuildingworkout	1
bodybuildingposing	1
bodybuildinghumor	1
bodybuildingforlife	22
bodybuildingbrasil	1
bodybuildinggoals	22
bodybuildingstyle	1
bodybuildinguk	1
bodybuildingphotography	1
bodybuildingprep	1
bodybuildingworld	1
ifbbphysique	22
ifbbbrasil	99
ifbbwellness	22
ifbbbikinipro	22
ifbbitalia	22
ifbbelitepro	22
ifbbfrance	22
ifbbprofessionalleague	22
ifbbprobikini	22
ifbbspain	22
ifbbfamily	1
ifbbmensphysique	1
ifbbelite	1
ifbbclassicphysique	1
ifbbsa	1
ifbbprofitness	1
ifbbes	1
nabba	325
nabbakorea	22
nabbajapan	1
nabbawff	22
nabbabrasil	1
wbff	325
wbffpro	99
wbffbikini	22
wbffaustralia	22
wbffdiva	22
wbffofficial	1
wbffaust	1
wbffuk	1
wbffkorea	1
wbfffitnessmodel	1
ukbffbikini	22
ocb	325
ocbbikini	22
ocbfigure	1
ocbpro	22
npc	400
npcphysique	99
npcfigurecompetitor	22
npcbodybuilding	99
npcwellness	22
npccompetitor	325
npcnationals	22
npctexas	99
npcclassicphysique	99
npcprep	22
npcnewsonline	22
npcmensphysique	22
npcuniverse	1
npcworldwide	22
npcwomensphysique	22
npcbikiniathlete	22
npcbikiniprep	22
npccolorado	22
npcathlete	22
npcflorida	22
npcfitness	22
npcmidwest	22
npcoklahoma	1
npcj	99
npcmasters	1
npcutah	22
npcusa	1
npctennessee	1
npcillinois	1
npcbodybuilder	22
npcindiana	1
npcwestcoast	1
npcb	1
bnbf	22
ukdfba	22
miamipro	22
physique	400
physiquefreak	325
physiquecompetitor	99
physiques	22
physiquegoals	22
menphysique	325
physiquemodel	22
physiqueupdate	22
womensphysique	325
physiqueathlete	1
physiquetransformations	22
npcwellnesscompetitor	1
ifbbathlete	22
ifbbrio	22
ifbbsp	22
ifbbcompetitor	22
ifbbfigurepro	22
ifbbfitness	1
ifbbportugal	1
ifbbaustralia	1
ifbbrs	1
ifbbminas	1
ifbbsc	1
ifbbdf	1
ifbbbikinifitness	1
ifbbpr	1
ifbbpromensphysique	1
ifbbofficial	1
ifbbbodybuilding	1
ifbbproleagueoz	1
crossfitcommunity	325
crossfitopen	325
crossfitwod	325
crossfitathlete	325
crossfittraining	325
crossfiter	325
crossfitter	325
crossfitkids	99
crossfitbrasil	325
crossfitbr	99
crossfitwomen	99
crossfitmasters	99
crossfitfrance	99
crossfitero	1
crossfitgirl	325
crossfitmayhem	1
crossfitworkouts	22
igcrossfit	1
crossfitjunkie	1
crossfitworkout	22
crossfitters	325
crossfitfamily	325
crossfitgymnastics	22
crossfiteiras	22
crossfituk	99
crossfititalia	22
crossfitnaveia	1
crossfitmemes	22
crossfitbsb	1
crossfitlifestyle	325
crossfitcompetition	99
crossfitmexico	22
crossfitbelgium	1
crossfitargentina	22
crossfitbeginner	1
crossfitweightlifting	22
crossfitgermany	22
calisthenicsworldwide	22
calisthenics_athletes	22
calisthenicsvictoria	1
calisthenicsgermany	1
calisthenics_best	22
calisthenicsfam	1
weightedcalisthenics	22
femalecalisthenics	22
freestylecalisthenics	22
calisthenicscommunity	22
calisthenicsathlete	22
calisthenicsaroundtheworld	22
calisthenicsgirl	22
calisthenicsgirls	99
calisthenicsuk	22
calisthenicsbeginner	1
calisthenicsacademy	1
calisthenicsvideos	22
calisthenicsevolution	22
fitnessaddicts	325
fitnessaddiction	99
??	325
????	325
????	99
????	22
????	22
????	1
???????	1
??????	22
???	1
????	1
??????	1
???????	1
??????	99
????	99
????????	22
??????????	1
????????	1
????????????	22
??	99
?????	22
?????	22
???????	22
cheatmeal	325
cheatmeals	22
cheatmealsunday	1
cheatmealday	1
deadliftday	99
deadliftform	22
deadlifttillimdead	99
deadliftparty	22
deadliftpr	1
deadliftmotivation	1
deadliftface	1
romaniandeadlift	22
conventionaldeadlift	22
deadliftsandchill	1
squat	400
squats	400
squatchallenge	99
squatsquatsquat	22
squatclean	99
squatday	99
squatlife	325
squatbenchdeadlift	99
squateveryday	99
squatspo	99
squatproof	22
squatgirl	22
squatting	99
squatgoals	22
squatober	22
squatvideos	22
squatworkout	1
backsquat	325
squatcleans	22
squatrack	22
overheadsquat	99
squatsquad	22
squatheavy	22
girlswhosquat	325
squatjumps	22
squatuniversity	1
squatted	1
squatmotivation	1
squatwolf	1
squatass	1
squatform	1
squatbutt	1
squatqueen	1
squatsfordays	99
deepsquat	22
squatgains	1
squatgirls	22
pistolsquat	99
pistolsquats	22
benchpressing	22
benchpressday	1
tricep	99
tricepworkout	22
tricepsday	22
tricepstraining	1
tricepdips	22
tricepday	1
hamstring	22
backworkouts	22
backworkoutday	1
pullupsfordays	22
weightliftingwomen	99
weightliftingmotivation	22
weightliftinggirls	22
weightlifting101	1
weightliftinghouse	1
weightliftingcoach	1
weightliftinggloves	1
weightliftinglife	1
weightliftingbelt	1
weightliftingshoes	1
chineseweightlifting	1
weightliftinggirl	1
usaweightlifting	99
weightliftingclub	1
weightliftingmemes	1
womenweightlifting	1
mastersweightlifting	22
nikeweightlifting	22
gymnation	99
musculacao	325
musculaçao	99
musculacaofeminina	325
amomusculação	22
muscle	750
musclebuilding	325
muscleup	325
musclegain	325
musclebear	325
musclemodel	325
muscles	400
musclemass	99
musclegirl	325
musclegay	325
muscleups	99
musclegirls	99
musclegains	99
muscleman	325
musclegrowth	99
muscledaddy	22
musclebeard	22
muscleworship	22
musclephotos	22
muscleandhealth	325
musclemania	325
musclemotivation	22
musclerecovery	99
musclefood	325
musclecontest	325
musclemommy	22
muscleandfitness	99
leanmuscle	325
buildmuscle	325
musclefitness	22
muscleblaze	22
muscled	22
musclewoman	22
muscletech	99
musclebeach	99
musclepump	22
musclemadness	1
musclewomen	22
girlswithmuscle	400
musclefit	22
militarymuscle	325
shredded	500
shreddedlife	99
shreddedunion	22
shreddedlegends	1
shreddedacademy	22
getshredded	99
shreddedabs	1
shreddednation	1
shreddedbody	1
shredded_academy	22
simplyshredded	22
shreddedworkout	1
zyzz	325
zyzzlegacy	99
zyzzmotivation	22
zyzzbrah	22
zyzzpose	1
leangains	325
leanbody	325
leanstrength	22
leanbulk	99
leangainz	1
getlean	325
leanmass	22
treino	500
musculacion	99
muscular	325
musculacaobr	22
musculations	1
musculacionyfitness	1
musculacaoefitness	1
musculación	22
musculacaocomprazer	1
treinopesado	325
treinomonstro	99
treinopernas	22
treinoanimal	99
treinotop	99
treinopersonalizado	325
treinoinsano	325
treinohard	99
treinointenso	99
treinoétreino	1
treinodeforça	99
treinoonline	99
treinododia	99
pretreino	325
treinohardcore	22
treinodecostas	22
treinoconsciente	22
treinodegluteos	22
treinodebraço	22
treinointeligente	22
treinorapido	22
treinodehoje	99
treinogluteos	22
treinohiit	22
treinosuperiores	22
treinoemcasamesmo	22
treinopago	22
treinoserio	22
treinoaoarlivre	22
treningpersonalny	22
treningi	22
treningsforum	99
treningonline	1
entraînement	22
träning	325
traning	325
träningsglädje	325
träningstips	22
träningspass	1
träningskläder	22
träningsinspiration	22
fitfam	450
fitfamuk	325
fitfamde	99
fitfamnaija	22
fitfamily	325
fitfamep	22
fitfamnl	325
ukfitfam	325
fitfamaustria	22
fitfamdeutschland	22
fitfamfood	1
igfitfam	325
fitfaminstagram	22
irishfitfam	325
fitfamlife	22
fitfamireland	1
instafitfam	99
fitfamsa	99
perthfitfam	325
sgfitfam	99
fitfamng	1
fitfambe	22
dubaifitfam	99
fitfamnation	1
fitfamilylife	22
thefitfam	1
fitfamlagos	1
fitfamnigeria	1
corkfitfam	22
veganfitfam	22
fitfamsg	1
fitfamlondon	1
utahfitfam	22
khfitfam	22
vanfitfam	99
dublinfitfam	22
lagosfitfam	22
gglfitfam	1
yycfitfam	22
proudfitfam	22
yegfitfam	22
londonfitfam	22
igfit	325
igfitness	325
igfitmoms	325
igfitmom	22
igfitnessfreaks	22
igfitspo	22
igfitfamily	1
igfitnessgirls	1
igfitgirls	22
igfitcouples	1
igfitclub	22
krafttraining	325
krafttrainingfuerfrauen	1
krachttraining	22
krachttrainingvoorvrouwen	1
musculationfemme	22
musculationfrance	99
musculationhomme	1
musculationaddict	22
musculationmotivation	1
musculationgirl	1
allenamentofunzionale	99
allenamentoacasa	22
allenamentotime	22
allenamentofemminile	22
allenamentodonna	1
allenamentoalfemminile	1
allenamentoglutei	1
allenamentopersonalizzato	22
allenamentoduro	1
musculacão	22
musculaçãomasculina	1
musculaçãoemcasa	1
musculaçãoderesultados	1
styrketräning	99
postallenamento	22
muskel	22
muskelaufbau	325
muskeln	99
muskelnaufbauen	22
muskelaufbautraining	1
muskeltraining	1
instafitsociety	22
instafitgirls	1
instafitguy	1
instafitapp	22
instafitappforlikes	22
instafitmom	1
instafitfood	1
instafitgirl	1
instafitnessmotivation	22
instafitnes	22
instafitnessgirls	1
instafitit	22
fitnessmodeling	22
fitnessmodell	22
fitnessmodelling	1
kraftsport	99
kraftsportliebe	1
fitx	325
pilates	500
pilatesanytime	22
pilatesball	22
pilatesbarrel	22
pilatesbody	250
pilatesbrasil	325
pilatescadillac	100
pilateschair	22
pilateschallenge	22
pilatesclass	100
pilatesclassico	100
pilatesclinico	22
pilatescomamor	100
pilatescommunity	100
pilatesday	100
pilateseveryday	100
pilatesexercises	22
pilatesfit	100
pilatesfitness	100
pilatesflow	22
pilatesfun	22
pilatesfuncional	22
pilatesgirl	100
pilatesinspiration	100
pilatesinstructor	325
pilateslife	325
pilateslove	100
pilateslover	100
pilateslovers	325
pilatesmat	325
pilatesmatwork	100
pilatesonline	100
pilatesparatodos	325
pilatesreformer	325
pilatessolo	100
pilatesstrong	100
pilatesstudio	325
pilatesteacher	100
pilatestime	100
pilatestower	22
pilatestrainer	22
pilatestraining	100
pilatestv	22
pilatesvideo	22
pilatesworkout	100
treinocerto	22
treinocomestilo	22
treinodepeito	22
treinodepernas	325
treinofeminino	325
treinofuncional	325
treinoparamulheres	22
treinos	325
treinotododia	100
yoga	999
yogaaddict	325
yogaathome	325
yogabalance	100
yogabeginner	100
yogabrasil	325
yogachallenge	400
yogachallenges	325
yogaclass	325
yogacommunity	325
yogadaily	325
yogaday	325
yogaeveryday	400
yogaeverywhere	400
yogafam	325
yogafamily	325
yogafitness	325
yogaflow	325
yogaforlife	325
yogafun	325
yogagirl	400
yogagoals	100
yogagram	325
yogainspiration	400
yogainstructor	325
yogajournal	325
yogajourney	325
yogalifestyle	325
yogalove	400
yogalover	325
yogalovers	325
yogamat	325
yogamom	325
yogamotivation	325
yoganidra	100
yogaofcolor	22
yogaoutside	325
yogapants	325
yogaphotography	325
yogapose	325
yogaposes	325
yogapractise	22
yogaprogress	100
yogaretreat	325
yogasana	100
yogastrength	100
yogastretch	100
yogastrong	325
yogastudent	325
yogastudio	325
yogateacher	400
yogateachers	100
yogatherapy	325
yogatime	325
yogatips	100
yogatribe	100
yogavibes	325
yogawear	325
yogawheel	100
zumba	400
zumbafitness	325
zumbainstructor	325
zumbawear	325
zumbacommunity	325
zumbalove	325
zumbaclass	325
zumbadance	325
zumbafamily	325
zumbaworldwide	100
zumbalife	100
zumbabeto	325
zumbaparty	100
zumbavirtual	100
zumbahappy	100
zumbalovers	100
zumbaworld	100
zumbavideos	22
zumbazin	100
zumbabrasil	22
zumbavideo	22
zumbatoning	22
zumbacrew	100
zumbatime	100
zumbainstructors	22
zumbalover	22
zumbagold	22
zumbabesties	22
zumbaargentina	22
zumbaturkey	22
zumbafun	22
zumbafam	1
zumbafriends	22
zumbachoreo	22
zumbajammer	22
zumbaonline	22
zumbastep	1
zumbabandung	22
zumbachoreos	22
zumbanation	22
zumbarussia	22
zumbafit	22
zumbamasterclass	22
bodyweight	325
bodyweightexercises	100
bodyweightworkouts	22
bodyweightfitness	22
bodyweightexercise	22
bodyweightstrength	22
aerobics	325
aerobicsclass	1
stepaerobics	22
calves	100
calvesworkout	22
calvesfordays	22
teamnocalves	22
abs	500
absworkouts	22
absday	22
lats	100
latsworkout	22
diet	450
dietfood	325
dietplan	325
ketodiet	400
diettips	100
weightloss	450
weightlosstransformation	400
weightlosstransformationinprogress	22
gymmemes	325
gymmemesofficial	22
gymmemesdaily	1
fitnessmeme	100
weightlossjourney	100
weightlossmotivation	400
ketoweightloss	325
weightlossgoals	325
weightlossinspiration	325
weightlosssupport	325
myweightlossjourney	325
weightlossdiary	325
weightlossstory	100
weightlosstips	325
weightlosscommunity	100
extremeweightloss	100
weightlosshelp	100
beforeandafterweightloss	100
weightlosschallenge	100
weightlossprogress	100
weightlosssuccess	100
naturalweightloss	100
weightlosscoach	100
weightlossfood	100
postpartumweightloss	100
healthyweightloss	100
weightlosstransformations	100
weightlossresults	100
weightlossbeforeandafter	100
weightlossprogram	100
healthylifestyles	100
healthylifestylechoices	22
healthylifestylechanges	22
healthylifestylemovement	1
kettlebell	325
kettlebells	100
kettlebellworkout	100
kettlebellswings	100
kettlebelltraining	100
kettlebellsport	100
kettlebellswing	22
barbell	325
westsidebarbell	22
barbellbabes	22
barbellbrigade	22
barbellclub	22
barbellworkout	100
barbellsandponytails	22
barbellrows	22
fitnessfrance	100
fitnessitalia	100
snatched	100
snatchbalance	1
snatchgame	1
powersnatch	22
kettlebellsnatch	22
squatsnatch	22
hangsnatch	22
amrap	100
amrapworkout	1
fullbody	100
fullbodyworkouts	100
fullbodyhiit	1
fullbodyexercise	1
fullbodycircuit	1
fullbodytraining	22
circuitworkout	22
core	400
coreexercises	100
coreworkouts	100
corework	100
corestrengthening	22
corechallenge	22
bodygoals	400
bodytransformation	325
bodyfitness	325
bodybuild	100
bodytransformations	100
bodyworkout	100
bodytransformationchallenge	22
bodytransformationjourney	22
protein	500
proteinpacked	100
proteinfood	100
proteinpancakes	100
proteinrecipes	22
proteinbar	100
proteinpowder	100
proteinbreakfast	22
proteinsmoothie	100
proteinsources	22
proteinshakes	100
proteinbars	100
proteinoats	22
proteinrich	22
proteinballs	100
proteinsnacks	22
proteina	325
proteinmeal	22
proteins	100
proteindiet	22
highprotein	325
wheyprotein	325
proteinporridge	22
proteinbase	22
proteinsnack	100
proteine	100
proteinas	100
proteinbowl	22
plantprotein	100
veganprotein	100
proteinmeals	22
proteinrezepte	1
proteincoffee	22
proteinworld	22
proteincookies	22
proteinpancake	22
proteindessert	22
proteinwaffles	22
proteinfoods	1
proteinavegetal	100
proteinbites	22
proteincake	22
proteinreich	22
proteines	22
proteinmuffins	22
proteintreats	22
proteinbaking	1
proteinpower	22
proteinfluff	1
proteinicecream	22
proteinavegana	22
proteinpudding	22
proteindonuts	22
proteinbread	22
preworkoutmeal	100
preworkoutsnack	22
preworkoutfuel	22
preworkoutdrink	22
preworkouts	22
creatine	100
creatinemonohydrate	22
bcaa	325
bcaapowder	1
bcaas	100
noccobcaa	22
postworkoutfuel	22
postworkoutfood	1
postworkoutsnack	22
postworkoutselfie	100
postworkoutsmoothie	1
bulking	325
bulkingseason	100
bulkingfood	1
bulkingup	22
gymsharktrain	100
gymsharkleggings	22
gymsharkspotted	22
gymsharkmen	22
gymsharkwoman	22
gymsharkla	1
gymshark66challenge	22
gymsharkathlete	1
gymsharkfit	1
gymsharkliftingclub	1
ryderwear	100
ryderwearwomen	22
teamryderwear	22
1upnutrition	100
cellucornation	22
myproteinfr	22
myproteinuk	22
myproteinwomen	1
myproteines	1
myproteinnl	1
redcon1	100
redcon1tieroperator	22
redcon1family	1
redcon1official	1
gatsupplements	1
ehplabs	100
evogennutrition	22
primevallabs	1
animalpak	100
mrolympiallc	1
officialgasp	22
gaspari	22
teamallmax	22
flexcomics	22
prosupps	100
mutantnation	22
ghostlifestyle	22
muscleandstrength	22
generationiron	22
xtend	22
ironrebel	22
steelsupplements	1
bangenergy	100
questnutrition	100
doughnutsanddeadlifts	22
physiqapparel	1
teamphysiq	22
doyouevenwomen	1
gainzbox	1
gymreapers	1
5percentnutrition	100
cutlernutrition	1
beaybl	1
tlfapparel	1
womensbestwear	22
puregymofficial	1
phdnutrition	1
musclefooduk	1
gymaholic	100
barbend	1
catalystathletics	22
athleanx	22
eleikosport	22
pumpchasers	100
blackskullusa	22
musclecontestinternational	22
growthsupplements	22
darknessnation	22
gfsuplementosimportados	1
metamorfosebrasil	1
kingofthelifts	22
jailhousestrong	22
vqfit	22
caffeineandkilos	22
stevecook	22
buffbunny	22
everforward	22
calumvonmoger	1
onnit	100
simeonpanda	22
pursuefitness	1
gymking	22
heraxhero	1
kaigreene	22
tilyoucollapse	22
jednorthwomen	1
shredzwomen	22
gymknowledge	1
original_bodybuilding	1
gymbeaston	1
topgymtips	1
arnoldnation	1
prozisespana	22
prozisfrance	22
prozisportugal	22
workoutempire	1
hybridperformancemethod	1
rpstrength	100
kettlebellkings	22
davidlaid	100
regangrimes	1
bradleymartyn	22
moreplatesmoredates	1
larrywheels	22
bootcamp	100
bootcampworkout	100
bootcampfitness	100
bootcamps	100
bootcampclik	100
groupfitness	100
groupfitnessinstructor	100
groupfitnessclasses	100
fitnessclasses	100
sportsbra	100
sportsbrasquad	100
sportsbras	100
groupfitnessclass	100
stringer	100
flex	100
flexfriday	100
flexing	100
flexible	100
flexibility	100
flexin	100
flextape	100
flexyourpush	100
flexibledieting	100
flexappeal	100
flexchallenge	100
flexzone	100
iifym	100
iifymrecipes	100
iifymwomen	100
iifymbrasil	100
iifymgirls	100
iifymitalia	100
iifymfood	100
iifymgirl	100
iifymfam	100
trackingmacros	100
trackingcalories	100
macrotracking	100
calorietracking	100
foodtracking	100
